accuracy,algorithm,data,f1,fs_time,knn_time,model_time,precision,recall,sample,total_time
0.9182,SVM,mnist,0.9179143785645324,0,0.0,50.88817405700684,0.9179138402827736,0.9182,10000,50.892175912857056
0.9814,KNN+SVM,mnist,0.9813780726507352,0,14.13622498512268,15.032447099685667,0.9814758299996488,0.9814,10000,33.928889751434326
0.3,KNN+SVM,sun,0.2780710256407307,0,0.055997371673583984,116.06587886810303,0.2769263719335791,0.3,500,116.17093420028687
